"case_id","citation_id","source_url","domain","status","error_type","capture_method","notes"
"case_001","citation_006","https://www.threads.com/@naen0505/post/DPOzqHCCfxA/%E5%AE%A2%E6%88%B6%E8%AA%AA%E4%BB%96%E8%A6%81%E4%B8%8Bmeta-%E5%92%8C-google-ads-%E7%9A%84%E5%BB%A3%E5%91%8A%E6%AF%8F%E6%9C%88%E9%A0%90%E7%AE%97%E6%98%AF3000-6000%E5%85%83%E5%A5%BD%E5%96%94%E9%82%A3%E6%82%A8%E8%87%AA%E5%B7%B1%E6%8A%95%E6%94%BE%E8%A9%A6%E8%A9%A6","www.threads.com","failed","RuntimeError","",""
"case_004","citation_001","https://www.threads.com/@burri3188/post/DNfVRB6z_iG/%E5%A6%82%E6%9E%9C%E4%BD%A0%E6%83%B3%E4%B8%80%E6%AC%A1%E6%8B%BF%E4%B8%8B-google-ads-%E4%B9%9D%E5%BC%B5%E8%AD%89%E7%85%A7%E5%BB%BA%E8%AD%B0%E7%9A%84%E5%AD%B8%E7%BF%92%E4%B8%BB%E8%BB%B8%E6%98%AF-%E4%BB%A5%E6%90%9C%E5%B0%8B%E5%BB%A3%E5%91%8A-search-ads-%E7%82%BA%E6%A0%B8%E5%BF%83%E5%A4%9A%E5%AA%92%E9%AB%94%E5%BB%A3%E5%91%8A-display-ads-%E7%82%BA%E8%BC%94-%E6%90%9C%E5%B0%8B%E5%BB%A3%E5%91%8A%E8%AA%8D%E8%AD%89","www.threads.com","failed","RuntimeError","",""
"case_005","citation_007","https://www.threads.com/@oceanicpasture/post/DaE6oCSCppo/%E7%A6%8F%E9%9A%86%E4%BE%BF%E7%95%B6%E7%82%BA%E4%BB%80%E9%BA%BC%E9%80%99%E9%BA%BC%E6%9C%89%E5%90%8D%E7%AD%94%E6%A1%88%E4%B8%8D%E5%9C%A8%E6%8E%92%E9%AA%A8-%E6%88%91%E5%9C%A8%E6%9C%88%E5%8F%B0%E4%B8%8A%E6%89%93%E9%96%8B%E4%BE%BF%E7%95%B6%E7%9B%92%E6%B5%B7%E9%A2%A8%E5%BE%9E%E9%9A%A7%E9%81%93%E9%82%A3%E9%A0%AD%E5%90%B9%E9%81%8E%E4%BE%86%E9%81%A0%E6%96%B9%E6%98%AF%E8%8D%89%E5%B6%BA%E5%8F%A4%E9%81%93%E7%9A%84%E5%B1%B1%E9%A0%AD%E6%8E%92%E9%AA%A8%E5%BE%88%E6%99%AE%E9%80%9A%E9%86%AC%E6%B1%81%E4%B9%9F%E6%99%AE%E9%80%9A%E4%BD%86%E5%90%83%E8%91%97%E5%90%83%E8%91%97%E5%BF%BD%E7%84%B6%E6%83%B3%E8%B5%B7%E5%B0%8F%E6%99%82%E5%80%99%E5%AE%B6%E6%97%8F%E6%97%85%E8%A1%8C%E7%88%B8%E7%88%B8%E7%B8%BD%E6%98%AF%E8%B2%B7%E4%BA%94/","www.threads.com","failed","RuntimeError","",""
"case_006","citation_003","https://www.facebook.com/mercurydigitaltw/mentions/","www.facebook.com","failed","RuntimeError","",""
"case_006","citation_005","https://tw.linkedin.com/company/mercury-digital-co-ltd","tw.linkedin.com","failed","RuntimeError","",""
"case_007","citation_001","https://www.facebook.com/nccu.edu.tw/posts/%E5%A4%A7%E5%AD%B8%E5%95%8F%E8%AA%BF%E6%9F%A52025%E9%AB%98%E4%B8%AD%E7%94%9F%E6%9C%80%E6%84%9B%E7%99%BE%E5%A4%A7%E7%86%B1%E9%96%80%E7%A7%91%E7%B3%BB%E5%9C%8B%E7%AB%8B%E6%94%BF%E6%B2%BB%E5%A4%A7%E5%AD%B8%E6%B3%95%E5%BE%8B%E5%AD%B8%E7%B3%BB%E7%8D%B2%E7%AC%AC%E4%B8%80%E5%90%8D%EF%B8%8F%E1%90%9F%E1%90%9F%E5%89%8D%E5%8D%81%E5%90%8D%E5%B0%9A%E6%9C%89%E6%94%BF%E5%A4%A7%E5%BF%83%E7%90%86%E7%B3%BB%E5%92%8C%E6%94%BF%E5%A4%A7%E5%82%B3%E9%99%A2%E5%A4%A7%E4%B8%80%E5%A4%A7%E4%BA%8C%E4%B8%8D%E5%88%86%E7%B3%BB%E6%94%BF%E5%A4%A7%E9%9F%93%E6%96%87%E7%B3%BB%E6%94%BF%E5%A4%A7%E5%A4%96%E4%BA%A4%E7%B3%BB%E6%94%BF%E5%A4%A7%E9%87%91%E8%9E%8D%E7%B3%BB%E5%90%8C%E7%99%BB%E7%99%BE%E5%90%8D%E5%85%A7%E6%84%9F/1068179275351868/","www.facebook.com","failed","RuntimeError","",""
"case_013","citation_006","https://zh-tw.facebook.com/business/small-business/how-to-move-business-online","zh-tw.facebook.com","failed","RuntimeError","",""
"case_014","citation_006","https://www.reddit.com/r/EliteDangerous/comments/nmsg2c/does_anyone_know_what_improves_ads_functionality/?tl=zh-hant","www.reddit.com","failed","RuntimeError","",""
"case_014","citation_007","https://www.reddit.com/r/DestinyTheGame/comments/3m4bxo/for_those_new_to_mmos_fpss_our_both_adds_vs_ads/?tl=zh-hant","www.reddit.com","failed","RuntimeError","",""
"case_014","citation_008","https://www.reddit.com/r/DestinyTheGame/comments/12tv73r/what_does_adsadds_mean_and_where_did_it_originate/?tl=zh-hant","www.reddit.com","failed","RuntimeError","",""
